gate	result	detail
root_fixed_point	PASS	f3c7551fd4418b441c6d984c8e7589175bba90144efc4badfecbc82e0dca6b1a
profile_fixed_point	PASS	a0c35311056d95dd6eb317d38cd9c74168a8e29b2f1b74e8aa94a71d810af000
diagnostic_fixed_point	PASS	b533c68b1aea5853e73aabbd99f79ea41176b078d54ef3870a3b77c82f13c99b
compiler_cross_lineage	PASS	4/4 rebuilds byte-exact
positive_x86_cross_lineage	PASS	3/3 programs byte-exact; runtime rc=0
negative_cross_lineage	PASS	9 rivals x 3 lineages fail-closed; 27/27
contract_order_diagnostic	PASS	1502/6502 stable with source spans
arm32_index_0	PASS	eedd123e84e297f085f7a3554bb57029d99e5b95ae741a8b234236cb2db49a93
arm32_index_1	PASS	fa0ec6626603731791c143330ec54857ac6d65f7344d759c4623b47367298da6
arm32_index_3	PASS	482685bbb0737c10966a936707474f424542fef08c2de75ce1c1cb12e9f16156; A32 e1c001d8
arm32_index_31	PASS	4029722abc52aa94298a6d7ded35712842af5e16b3646fe46892ed493b966bf1; A32 e1c00fd8
arm32_index_32_boundary	PASS	fail-closed 1601/6601; no object
aarch64_direct_read_regression	PASS	30a3798911d1593dc633be3c730178a1d03295e0f0e0c6308f00299d00725111
i386_direct_read_regression	PASS	6f35ca4ec79397df8578502af41c52b71e2278c5fdcdcac054bcbdff5daff979
legacy_require_target_hashes	PASS	AArch64/ARM32/i386 unchanged
