lineage	channel	form	diagnostic
Root	storage	direct	1513/6513
Root	storage	alias	1513/6513
Root	storage	transformed	1513/6513
Root	return	encoded	1512/6512
Root	call	unverified	1509/6509
ProfileB	storage	direct	1513/6513
ProfileB	storage	alias	1513/6513
ProfileB	storage	transformed	1513/6513
ProfileB	return	encoded	1512/6512
ProfileB	call	unverified	1509/6509
Diagnostic	storage	direct	1513/6513
Diagnostic	storage	alias	1513/6513
Diagnostic	storage	transformed	1513/6513
Diagnostic	return	encoded	1512/6512
Diagnostic	call	unverified	1509/6509
